Word,Similarity
به,0.9997434020042419
را,0.9996193647384644
است,0.9996080994606018
شده,0.9995831251144409
مورد,0.9995715022087097
این,0.9995703101158142
شیوع,0.99952232837677
دست,0.9994821548461914
دلیل,0.999451756477356
بین,0.999367892742157
ایتالیا,0.9993395805358887
دیگر,0.9993342161178589
بیماری,0.9993185997009277
جدید,0.9992901086807251
نیز,0.9992767572402954
هزار,0.9992271065711975
آزمایش,0.9992141723632812
کنون,0.9991913437843323
امروز,0.9991908073425293
چین,0.9991901516914368
